<?xml version="1.0" encoding="UTF-8"?>
<con:soapui-project id="eaf8df91-7c86-4c32-871d-24015328e5b4" activeEnvironment="Default" name="Composers" resourceRoot="" soapui-version="5.7.0" abortOnError="false" runType="SEQUENTIAL" xmlns:con="http://eviware.com/soapui/config"><con:settings/><con:interface xsi:type="con:RestService" id="47694526-493a-4252-88d2-b87e69b87e0c" wadlVersion="http://wadl.dev.java.net/2009/02" name="http://localhost:3000" type="rest" xmlns:xsi="http://www.w3.org/2001/XMLSchema-instance"><con:settings/><con:definitionCache/><con:endpoints><con:endpoint>http://localhost:3000</con:endpoint></con:endpoints><con:resource name="composers" path="/api/composers/6370325748fe7576992599e4" id="d3a0fe6b-9833-4e81-a6da-297b9e0d15aa"><con:settings/><con:parameters/><con:resource name=":id" path="" id="1c1d8dcf-e9fb-4d3e-b8c3-1ae4044ce395"><con:settings/><con:parameters/><con:method name="Method 1" id="c45eff26-5ddd-41a2-901b-67fdc1c4cccf" method="GET"><con:settings/><con:parameters/><con:representation type="FAULT"><con:mediaType>application/json; charset=utf-8</con:mediaType><con:status>500</con:status><con:params/><con:element xmlns:id="http://localhost/api/composers/:id">id:Fault</con:element></con:representation><con:representation type="RESPONSE"><con:mediaType>application/json; charset=utf-8</con:mediaType><con:status>200</con:status><con:params/><con:element>Response</con:element></con:representation><con:request name="Request 1" id="57632d8a-aeef-4121-bf06-e0edaf561609" mediaType="application/json"><con:settings><con:setting id="com.eviware.soapui.impl.wsdl.WsdlRequest@request-headers">&lt;xml-fragment/></con:setting></con:settings><con:endpoint>http://localhost:3000</con:endpoint><con:request/><con:originalUri>http://localhost/api/composers/:id</con:originalUri><con:credentials><con:authType>No Authorization</con:authType></con:credentials><con:jmsConfig JMSDeliveryMode="PERSISTENT"/><con:jmsPropertyConfig/><con:parameters/><con:parameterOrder/></con:request></con:method></con:resource><con:method name="Method 1" id="9f294a14-b309-4e54-8cc7-dec68667394c" method="GET"><con:settings/><con:parameters/><con:representation type="RESPONSE"><con:mediaType>application/json; charset=utf-8</con:mediaType><con:status>200</con:status><con:params/><con:element>Response</con:element></con:representation><con:request name="Request 1" id="be72ee3e-6786-4dfa-bdb0-3a55bf8b1b0a" mediaType="application/json"><con:settings><con:setting id="com.eviware.soapui.impl.wsdl.WsdlRequest@request-headers">&lt;xml-fragment/></con:setting></con:settings><con:endpoint>http://localhost:3000</con:endpoint><con:request/><con:originalUri>http://localhost/api/composers</con:originalUri><con:credentials><con:authType>No Authorization</con:authType></con:credentials><con:jmsConfig JMSDeliveryMode="PERSISTENT"/><con:jmsPropertyConfig/><con:parameters/></con:request></con:method></con:resource><con:resource name="composers" path="/api/composers/" id="42a99d5f-5791-49b8-adf7-d3590abee1b8"><con:settings/><con:parameters><con:parameter><con:name>firstName</con:name><con:value/><con:style>QUERY</con:style><con:default/><con:description xsi:nil="true"/></con:parameter><con:parameter><con:name>lastName</con:name><con:value/><con:style>QUERY</con:style><con:default/><con:description xsi:nil="true"/></con:parameter></con:parameters><con:method name="Method 1" id="c084697c-f3e3-4dc9-a84d-4d21a00018b6" method="POST"><con:settings/><con:parameters/><con:representation type="RESPONSE"><con:mediaType>application/json; charset=utf-8</con:mediaType><con:status>200</con:status><con:params/><con:element xmlns:com="http://localhost/api/composers/">com:Response</con:element></con:representation><con:representation type="REQUEST"><con:mediaType>application/x-www-form-urlencoded</con:mediaType><con:params/></con:representation><con:request name="Request 1" id="bc63decf-cb9c-4494-8227-5036ae22eb7f" mediaType="application/x-www-form-urlencoded" postQueryString="true"><con:settings><con:setting id="com.eviware.soapui.impl.wsdl.WsdlRequest@request-headers">&lt;xml-fragment/></con:setting></con:settings><con:endpoint>http://localhost:3000</con:endpoint><con:request/><con:originalUri>http://localhost/api/composers/</con:originalUri><con:credentials><con:authType>No Authorization</con:authType></con:credentials><con:jmsConfig JMSDeliveryMode="PERSISTENT"/><con:jmsPropertyConfig/><con:parameters>
  <con:entry key="firstName" value="Steven"/>
  <con:entry key="lastName" value="Tyler"/>
</con:parameters><con:parameterOrder><con:entry>firstName</con:entry><con:entry>lastName</con:entry></con:parameterOrder></con:request></con:method></con:resource></con:interface><con:properties/><con:wssContainer/><con:oAuth2ProfileContainer/><con:oAuth1ProfileContainer/><con:sensitiveInformation/></con:soapui-project>